{
  "meta_title": "",
  "meta_description": "",
  "sections": [
    {
      "type": "banner-slider",
      "autoplay": 9000,
      "full_width": true,
      "slides": [
        {
          "start": "",
          "end": "",
          "img": "/img/uploads/5478-3.png"
        },
        {
          "start": "",
          "end": "",
          "img": "/img/uploads/5478-1.png"
        },
        {
          "start": "",
          "end": "",
          "img": "/img/uploads/5478-2.png"
        }
      ]
    },
    {
      "type": "info-bar",
      "enabled": true
    },
    {
      "type": "dynamic-showcase",
      "load_more": false,
      "sort": "views"
    }
  ]
}